model,exp,layer,mode,vec_norm,n_steps,entropy,norm_entropy,top1_prob,top10_mass,part_ratio,logit_gap
deepseek7b,singlev_layers0-10_lr1e-1,0,normed,15.461725234985352,364,10.94996,0.91769,0.00082,0.00559,56951.86328,1.07566
deepseek7b,singlev_layers0-10_lr1e-1,0,raw,15.461725234985352,364,11.85897,0.99387,3e-05,0.00025,141346.64062,1.01902
deepseek7b,singlev_layers0-10_lr1e-1,1,normed,15.556950569152832,364,11.14901,0.93437,0.0011,0.0048,69494.71094,1.70953
deepseek7b,singlev_layers0-10_lr1e-1,1,raw,15.556950569152832,364,11.88007,0.99564,3e-05,0.00023,144360.34375,1.14952
deepseek7b,singlev_layers0-10_lr1e-1,2,normed,19.67302131652832,364,11.40248,0.95562,0.0005,0.00364,89543.1875,1.01506
deepseek7b,singlev_layers0-10_lr1e-1,2,raw,19.67302131652832,364,11.8817,0.99578,3e-05,0.00027,144596.78125,1.00493
deepseek7b,singlev_layers0-10_lr1e-1,3,normed,22.1965389251709,364,11.39092,0.95465,0.00043,0.00334,88514.15625,1.05559
deepseek7b,singlev_layers0-10_lr1e-1,3,raw,22.1965389251709,364,11.86527,0.9944,3e-05,0.00032,142239.9375,1.02026
deepseek7b,singlev_layers0-10_lr1e-1,4,normed,24.96797752380371,364,11.42502,0.95751,0.00042,0.00269,91585.11719,1.25345
deepseek7b,singlev_layers0-10_lr1e-1,4,raw,24.96797752380371,364,11.8503,0.99315,4e-05,0.00035,140125.6875,1.09879
deepseek7b,singlev_layers0-10_lr1e-1,5,normed,28.26694107055664,364,11.27515,0.94495,0.00055,0.00365,78837.84375,1.18308
deepseek7b,singlev_layers0-10_lr1e-1,5,raw,28.26694107055664,364,11.79603,0.9886,6e-05,0.00051,132724.26562,1.08262
deepseek7b,singlev_layers0-10_lr1e-1,6,normed,34.583072662353516,364,11.33535,0.94999,0.00084,0.00431,83730.02344,1.6388
deepseek7b,singlev_layers0-10_lr1e-1,6,raw,34.583072662353516,364,11.74914,0.98467,0.00012,0.00084,126644.57031,1.33023
deepseek7b,singlev_layers0-10_lr1e-1,7,normed,36.48710250854492,364,11.40478,0.95581,0.00051,0.00332,89749.3125,1.10028
deepseek7b,singlev_layers0-10_lr1e-1,7,raw,36.48710250854492,364,11.75035,0.98477,0.0001,0.0008,126797.8125,1.05998
deepseek7b,singlev_layers0-10_lr1e-1,8,normed,37.030303955078125,364,11.45748,0.96023,0.00073,0.00375,94605.95312,1.62199
deepseek7b,singlev_layers0-10_lr1e-1,8,raw,37.030303955078125,364,11.76072,0.98564,0.00013,0.00088,128119.57812,1.34873
deepseek7b,singlev_layers0-10_lr1e-1,9,normed,40.35850524902344,364,11.37234,0.95309,0.00082,0.00421,86885.20312,1.20644
deepseek7b,singlev_layers0-10_lr1e-1,9,raw,40.35850524902344,364,11.69342,0.98,0.00019,0.0012,119780.66406,1.13487
deepseek7b,singlev_layers0-10_lr1e-1,10,normed,54.15532684326172,364,11.49236,0.96315,0.00042,0.00285,97964.375,1.13678
deepseek7b,singlev_layers0-10_lr1e-1,10,raw,54.15532684326172,364,11.57679,0.97023,0.00029,0.00206,106594.375,1.12296
deepseek7b,singlev_layers0-1_lr1e-1,0,normed,25.925439834594727,123,10.78052,0.90349,0.01042,0.01896,48075.27734,4.40332
deepseek7b,singlev_layers0-1_lr1e-1,0,raw,25.925439834594727,123,11.70999,0.98139,0.00021,0.00087,121782.09375,1.90017
deepseek7b,singlev_layers0-1_lr1e-1,1,normed,46.25416564941406,123,11.29706,0.94678,0.00047,0.00342,80584.44531,1.33219
deepseek7b,singlev_layers0-1_lr1e-1,1,raw,46.25416564941406,123,11.56398,0.96915,0.0002,0.00155,105238.03906,1.24808
deepseek7b,singlev_layers10-11_lr1e-1,10,normed,52.316158294677734,145,11.30389,0.94735,0.00054,0.00387,81136.58594,1.16318
deepseek7b,singlev_layers10-11_lr1e-1,10,raw,52.316158294677734,145,11.45918,0.96037,0.00033,0.00247,94767.58594,1.14122
deepseek7b,singlev_layers10-11_lr1e-1,11,normed,65.58173370361328,145,11.44391,0.95909,0.00056,0.00295,93330.92188,1.8533
deepseek7b,singlev_layers10-11_lr1e-1,11,raw,65.58173370361328,145,11.3363,0.95007,0.00081,0.00405,83809.03125,1.96575
deepseek7b,singlev_layers10-20_lr1e-1,10,normed,30.25481605529785,187,11.39547,0.95503,0.00039,0.00327,88918.23438,1.01577
deepseek7b,singlev_layers10-20_lr1e-1,10,raw,30.25481605529785,187,11.80817,0.98962,6e-05,0.00054,134345.01562,1.00794
deepseek7b,singlev_layers10-20_lr1e-1,11,normed,26.545055389404297,187,11.4141,0.95659,0.00039,0.00282,90590.14062,1.03272
deepseek7b,singlev_layers10-20_lr1e-1,11,raw,26.545055389404297,187,11.84014,0.9923,5e-05,0.00039,138710.07812,1.01438
deepseek7b,singlev_layers10-20_lr1e-1,12,normed,25.984439849853516,187,11.45036,0.95963,0.00036,0.00274,93935.36719,1.19421
deepseek7b,singlev_layers10-20_lr1e-1,12,raw,25.984439849853516,187,11.84766,0.99293,4e-05,0.00037,139757.46875,1.08008
deepseek7b,singlev_layers10-20_lr1e-1,13,normed,25.520099639892578,187,11.44972,0.95958,0.00043,0.00316,93874.82812,1.21843
deepseek7b,singlev_layers10-20_lr1e-1,13,raw,25.520099639892578,187,11.85102,0.99321,4e-05,0.00038,140227.42188,1.08787
deepseek7b,singlev_layers10-20_lr1e-1,14,normed,25.318986892700195,187,11.48485,0.96252,0.00037,0.00268,97231.85938,1.16524
deepseek7b,singlev_layers10-20_lr1e-1,14,raw,25.318986892700195,187,11.85498,0.99354,4e-05,0.00035,140783.23438,1.06682
deepseek7b,singlev_layers10-20_lr1e-1,15,normed,26.174020767211914,187,11.47095,0.96136,0.00039,0.00297,95889.79688,1.14191
deepseek7b,singlev_layers10-20_lr1e-1,15,raw,26.174020767211914,187,11.84748,0.99291,4e-05,0.00039,139731.625,1.05974
deepseek7b,singlev_layers10-20_lr1e-1,16,normed,27.21024513244629,187,11.4492,0.95953,0.00227,0.00495,93825.86719,4.16842
deepseek7b,singlev_layers10-20_lr1e-1,16,raw,27.21024513244629,187,11.84039,0.99232,0.00011,0.00048,138744.48438,1.91332
deepseek7b,singlev_layers10-20_lr1e-1,17,normed,30.665889739990234,187,11.45571,0.96008,0.00054,0.00318,94438.64844,1.55427
deepseek7b,singlev_layers10-20_lr1e-1,17,raw,30.665889739990234,187,11.81555,0.99024,7e-05,0.00053,135340.98438,1.25345
deepseek7b,singlev_layers10-20_lr1e-1,18,normed,37.62288284301758,187,11.45259,0.95982,0.00058,0.00324,94145.3125,1.1707
deepseek7b,singlev_layers10-20_lr1e-1,18,raw,37.62288284301758,187,11.75261,0.98496,0.00012,0.00084,127084.96875,1.10412
deepseek7b,singlev_layers10-20_lr1e-1,19,normed,50.946815490722656,187,11.45047,0.95964,0.00037,0.00277,93945.75781,1.05645
deepseek7b,singlev_layers10-20_lr1e-1,19,raw,50.946815490722656,187,11.59138,0.97145,0.00021,0.00168,108161.32812,1.04784
deepseek7b,singlev_layers10-20_lr1e-1,20,normed,87.78331756591797,187,11.44514,0.95919,0.00048,0.00347,93446.4375,1.0389
deepseek7b,singlev_layers10-20_lr1e-1,20,raw,87.78331756591797,187,10.77852,0.90332,0.00252,0.01578,47979.04297,1.05756
deepseek7b,singlev_layers10-20_lr3e-1,10,normed,89.09420776367188,52,11.41551,0.95671,0.00056,0.00384,90718.26562,1.25831
deepseek7b,singlev_layers10-20_lr3e-1,10,raw,89.09420776367188,52,10.66439,0.89376,0.00327,0.01908,42803.99609,1.40769
deepseek7b,singlev_layers10-20_lr3e-1,11,normed,82.80438232421875,52,11.42265,0.95731,0.0007,0.00356,91368.24219,1.75973
deepseek7b,singlev_layers10-20_lr3e-1,11,raw,82.80438232421875,52,10.88735,0.91245,0.00314,0.01277,53495.25,2.18519
deepseek7b,singlev_layers10-20_lr3e-1,12,normed,78.2302017211914,52,11.41801,0.95692,0.00094,0.00379,90944.60938,2.31652
deepseek7b,singlev_layers10-20_lr3e-1,12,raw,78.2302017211914,52,10.99375,0.92136,0.0035,0.0111,59501.07422,2.99744
deepseek7b,singlev_layers10-20_lr3e-1,13,normed,79.33967590332031,52,11.40763,0.95605,0.00059,0.00351,90005.85156,1.2917
deepseek7b,singlev_layers10-20_lr3e-1,13,raw,79.33967590332031,52,10.94241,0.91706,0.00202,0.01028,56523.375,1.40385
deepseek7b,singlev_layers10-20_lr3e-1,14,normed,80.18681335449219,52,11.42123,0.95719,0.0006,0.00384,91238.5,1.41663
deepseek7b,singlev_layers10-20_lr3e-1,14,raw,80.18681335449219,52,10.94713,0.91746,0.0022,0.01212,56791.10547,1.59441
deepseek7b,singlev_layers10-20_lr3e-1,15,normed,79.4218978881836,52,11.45945,0.96039,0.00055,0.00305,94792.53906,1.47373
deepseek7b,singlev_layers10-20_lr3e-1,15,raw,79.4218978881836,52,11.05159,0.92621,0.00191,0.00884,63044.05469,1.67276
deepseek7b,singlev_layers10-20_lr3e-1,16,normed,80.6830825805664,52,11.45066,0.95966,0.00046,0.00311,93963.40625,1.15026
deepseek7b,singlev_layers10-20_lr3e-1,16,raw,80.6830825805664,52,11.00446,0.92226,0.00162,0.00951,60141.625,1.20763
deepseek7b,singlev_layers10-20_lr3e-1,17,normed,83.06266021728516,52,11.45381,0.95992,0.00039,0.00272,94259.67969,1.09652
deepseek7b,singlev_layers10-20_lr3e-1,17,raw,83.06266021728516,52,10.95504,0.91812,0.00146,0.00893,57242.03516,1.13638
deepseek7b,singlev_layers10-20_lr3e-1,18,normed,83.97486114501953,52,11.44473,0.95916,0.00054,0.00329,93407.59375,1.45594
deepseek7b,singlev_layers10-20_lr3e-1,18,raw,83.97486114501953,52,10.90035,0.91353,0.00237,0.01212,54195.20312,1.69372
deepseek7b,singlev_layers10-20_lr3e-1,19,normed,86.31678771972656,52,11.4377,0.95857,0.00058,0.004,92753.8125,1.21399
deepseek7b,singlev_layers10-20_lr3e-1,19,raw,86.31678771972656,52,10.79592,0.90478,0.00301,0.01789,48821.12891,1.32259
deepseek7b,singlev_layers10-20_lr3e-1,20,normed,92.10350036621094,52,11.39414,0.95492,0.00285,0.00805,88799.9375,3.07132
deepseek7b,singlev_layers10-20_lr3e-1,20,raw,92.10350036621094,52,10.15498,0.85107,0.04486,0.08025,25718.7832,5.61998
deepseek7b,singlev_layers10-20_lr5e-3,10,normed,2.0948760509490967,8,11.49694,0.96353,0.0003,0.00213,98413.9375,1.20773
deepseek7b,singlev_layers10-20_lr5e-3,10,raw,2.0948760509490967,8,11.93151,0.99995,1e-05,8e-05,151980.29688,1.00663
deepseek7b,singlev_layers10-20_lr5e-3,11,normed,2.096433162689209,8,11.47903,0.96203,0.00036,0.00239,96667.40625,1.11177
deepseek7b,singlev_layers10-20_lr5e-3,11,raw,2.096433162689209,8,11.93147,0.99995,1e-05,8e-05,151975.375,1.00372
deepseek7b,singlev_layers10-20_lr5e-3,12,normed,2.0884180068969727,8,11.48881,0.96285,0.00044,0.00257,97617.25781,1.33908
deepseek7b,singlev_layers10-20_lr5e-3,12,raw,2.0884180068969727,8,11.93153,0.99996,1e-05,8e-05,151984.5,1.01024
deepseek7b,singlev_layers10-20_lr5e-3,13,normed,2.080988645553589,8,11.47616,0.96179,0.0007,0.0035,96390.03906,1.69531
deepseek7b,singlev_layers10-20_lr5e-3,13,raw,2.080988645553589,8,11.93156,0.99996,1e-05,8e-05,151988.26562,1.01853
deepseek7b,singlev_layers10-20_lr5e-3,14,normed,2.0720250606536865,8,11.47605,0.96178,0.00039,0.00302,96379.92969,1.02027
deepseek7b,singlev_layers10-20_lr5e-3,14,raw,2.0720250606536865,8,11.93147,0.99995,1e-05,8e-05,151974.20312,1.00069
deepseek7b,singlev_layers10-20_lr5e-3,15,normed,2.0811941623687744,8,11.47614,0.96179,0.00041,0.0028,96388.57031,1.27579
deepseek7b,singlev_layers10-20_lr5e-3,15,raw,2.0811941623687744,8,11.93156,0.99996,1e-05,8e-05,151988.26562,1.00851
deepseek7b,singlev_layers10-20_lr5e-3,16,normed,2.084667682647705,8,11.46654,0.96099,0.00039,0.00253,95467.14844,1.26467
deepseek7b,singlev_layers10-20_lr5e-3,16,raw,2.084667682647705,8,11.93152,0.99995,1e-05,8e-05,151981.75,1.00821
deepseek7b,singlev_layers10-20_lr5e-3,17,normed,2.0887210369110107,8,11.47109,0.96137,0.00033,0.00256,95902.42188,1.0129
deepseek7b,singlev_layers10-20_lr5e-3,17,raw,2.0887210369110107,8,11.93155,0.99996,1e-05,8e-05,151987.25,1.00045
deepseek7b,singlev_layers10-20_lr5e-3,18,normed,2.0777318477630615,8,11.4615,0.96056,0.0003,0.00237,94987.73438,1.03156
deepseek7b,singlev_layers10-20_lr5e-3,18,raw,2.0777318477630615,8,11.93156,0.99996,1e-05,8e-05,151988.26562,1.00108
deepseek7b,singlev_layers10-20_lr5e-3,19,normed,2.0686821937561035,8,11.49661,0.96351,0.00034,0.00246,98382.03906,1.10941
deepseek7b,singlev_layers10-20_lr5e-3,19,raw,2.0686821937561035,8,11.93152,0.99996,1e-05,8e-05,151982.46875,1.0036
deepseek7b,singlev_layers10-20_lr5e-3,20,normed,2.0632095336914062,8,11.47327,0.96155,0.00039,0.00299,96112.36719,1.01798
deepseek7b,singlev_layers10-20_lr5e-3,20,raw,2.0632095336914062,8,11.93157,0.99996,1e-05,8e-05,151990.0,1.00061
deepseek7b,singlev_layers16-17_lr1e-1,16,normed,63.71876907348633,139,11.4722,0.96146,0.00068,0.00282,96009.57812,2.19132
deepseek7b,singlev_layers16-17_lr1e-1,16,raw,63.71876907348633,139,11.40644,0.95595,0.00088,0.0035,89899.13281,2.30478
deepseek7b,singlev_layers16-17_lr1e-1,17,normed,66.66852569580078,139,11.46731,0.96105,0.00055,0.003,95540.46875,1.36047
deepseek7b,singlev_layers16-17_lr1e-1,17,raw,66.66852569580078,139,11.34501,0.9508,0.00086,0.00441,84542.27344,1.4089
deepseek7b,singlev_layers20-21_lr1e-1,20,normed,169.9600830078125,331,11.36296,0.95231,0.00057,0.00312,86073.59375,1.59895
deepseek7b,singlev_layers20-21_lr1e-1,20,raw,169.9600830078125,331,7.24157,0.6069,0.09315,0.2162,1396.2804,3.79039
deepseek7b,singlev_layers20-21_lr1e-1,21,normed,184.19142150878906,331,11.43968,0.95873,0.00067,0.00335,92937.27344,1.56534
deepseek7b,singlev_layers20-21_lr1e-1,21,raw,184.19142150878906,331,5.74318,0.48132,0.22471,0.4248,312.05481,3.96971
deepseek7b,singlev_layers20-27_lr1e-1,20,normed,150.47320556640625,319,11.37794,0.95356,0.00066,0.00339,87373.125,1.46349
deepseek7b,singlev_layers20-27_lr1e-1,20,raw,150.47320556640625,319,7.88959,0.66121,0.07108,0.17011,2669.34351,2.6044
deepseek7b,singlev_layers20-27_lr1e-1,21,normed,131.3553466796875,319,11.4055,0.95587,0.00051,0.0031,89814.125,1.08252
deepseek7b,singlev_layers20-27_lr1e-1,21,raw,131.3553466796875,319,9.08424,0.76133,0.02122,0.07902,8815.22168,1.19003
deepseek7b,singlev_layers20-27_lr1e-1,22,normed,128.75650024414062,319,11.41137,0.95636,0.00101,0.00347,90343.21875,2.70724
deepseek7b,singlev_layers20-27_lr1e-1,22,raw,128.75650024414062,319,8.86981,0.74336,0.07915,0.1235,7113.90283,8.5162
deepseek7b,singlev_layers20-27_lr1e-1,23,normed,123.31829071044922,319,11.43949,0.95872,0.00033,0.00265,92919.46094,1.12597
deepseek7b,singlev_layers20-27_lr1e-1,23,raw,123.31829071044922,319,9.56601,0.80171,0.00641,0.04256,14271.36621,1.27684
deepseek7b,singlev_layers20-27_lr1e-1,24,normed,117.09086608886719,319,11.44809,0.95944,0.00049,0.0037,93722.48438,1.03767
deepseek7b,singlev_layers20-27_lr1e-1,24,raw,117.09086608886719,319,9.62137,0.80635,0.01098,0.06633,15083.7627,1.07501
deepseek7b,singlev_layers20-27_lr1e-1,25,normed,135.6857452392578,319,11.43204,0.95809,0.00073,0.00403,92229.51562,1.3394
deepseek7b,singlev_layers20-27_lr1e-1,25,raw,135.6857452392578,319,8.4363,0.70703,0.05375,0.16528,4611.4668,1.93927
deepseek7b,singlev_layers20-27_lr1e-1,26,normed,144.59320068359375,319,11.42694,0.95767,0.00052,0.00372,91760.66406,1.00604
deepseek7b,singlev_layers20-27_lr1e-1,26,raw,144.59320068359375,319,8.11218,0.67986,0.03419,0.171,3334.83301,1.01464
deepseek7b,singlev_layers20-27_lr1e-1,27,normed,149.597900390625,319,11.18892,0.93772,0.00503,0.02189,72324.63281,1.43913
deepseek7b,singlev_layers20-27_lr1e-1,27,raw,149.597900390625,319,2.34814,0.19679,0.43156,0.88994,10.46609,2.48355
deepseek7b,singlev_layers3-4_lr1e-1,3,normed,40.448524475097656,117,11.03513,0.92483,0.00057,0.00443,62015.10938,1.05963
deepseek7b,singlev_layers3-4_lr1e-1,3,raw,40.448524475097656,117,11.50947,0.96458,0.00016,0.00138,99655.14062,1.03991
deepseek7b,singlev_layers3-4_lr1e-1,4,normed,60.365631103515625,117,11.35383,0.95154,0.00038,0.0028,85291.52344,1.33346
deepseek7b,singlev_layers3-4_lr1e-1,4,raw,60.365631103515625,117,11.34354,0.95068,0.00039,0.00288,84418.28125,1.33667
