layer,pushthrough_top,logitlens_top,overlap_top12
1,Wait | Honestly | -focused | ~ |  posing | Okay |  linker |  nim |  daunting |  hubs |  hydrated |  hugely,mu |  than |  Videos |  complete | 土 | 观测 | 过程中 | Golden |  anyone |  Draft |  Amazon | 观,0
3,al |  lul | oh | d | p |  isp |  hardcoded | right | h | ted | def |  pawn, Videos |  Integr | Regular |  Vel | itr |  Hutchinson | .assertTrue | Bal |  Squ |  ⇒ |  Orth | थ,0
7,-Ta | chema | [${ | akra | /buttons | -HT | jets | RLF |  rel | EEP | -sync | widget,ych |  grad |  increased |  skills |  Text |  supervision | eenth |  Ex |  variable |  meaning |  Function |  hang,0
10," vigilant |  OCI |  zer | riers |  lied | -mort |  alright | 确 | .""\n\n\n |  Chính |  "".\n |  destruct",atti | 德 | 情况进行 |  develop | DAT | 瑟 |  sings |  layered |  Academy | 西部 | athing | 填写,0
14,All | all | k |  All | -all | al | ff | —all |  all | es | -cut |  anyhow, critical |  susceptible |  Critical | mr |  uniformly |  exactly |  contact | xed |  systems |  asynchronous | 至 |  worse,0
17,all | the | i | k | so | p | a | The | All | al | d | l, mutual |  investment |  Xi |  ski |  months |  again | 出现在 | 座位 |  sphere | otic | 中 |  italic,0
20,user | iever |  O |  user | IND | All |  All | lime | quirer | 焕发 | antar | Like, spouse | 考生 | _required |  中 |  situation | 相同的 |  Prob | -life | 有效的 | possible | )] | _selection,0
23, The |  T |  P |  via |  So |  the |  L |  bi | alias | \n\n |  so | ASM,tract | iii | 总计 |  concatenate |  Tri | 附 | 分 |  club | -per | -axis |  ml | lbrace,0
25,Okay |  Noah | 1 |  cir | ific |  god | 订 |  lum |  dam | oidal | 3 |  Schwe, H | ah | onces |  Decimal | ethyl | chool |  alors | asa |  direct |  ele | onth |  niche,0
26,"ären | aped | Okay |  butcher |  oversees |  groom |  sleeps | ,...\n | 中关 |  faint | /-- | /mac", community |  beta | ando |  fake |     |  toes |  individual |  por | _user |  predicate |  Normal | ICAL,0
27, must |  MUST | <｜end▁of▁sentence｜> |  center | —if |  need | must |  The |  ending | 须 |  instructions |  words, za | 学科 | 混合 | B |  department |  estimate |  restrictive | 患病 |  precondition |  mph | XB |  Purdue,0
