run,vec_idx,step,layer,vec_norm,pc_centroid_rank,pc_centroid_rand,cos_pc1,E_top1,E_top1_over_rand,E_top5,E_top5_over_rand,E_top20,E_top20_over_rand
chemistry,0,100,5,9.283,62.69,64.5,0.0444,0.002,3.03,0.0037,1.13,0.0104,0.8
chemistry,0,100,6,7.854,59.58,64.5,0.0696,0.0048,7.44,0.0126,3.88,0.0229,1.76
chemistry,0,100,7,7.594,66.55,64.5,0.0209,0.0004,0.67,0.0038,1.15,0.0148,1.13
chemistry,0,100,8,7.355,66.96,64.5,0.0206,0.0004,0.65,0.0024,0.73,0.0099,0.76
chemistry,0,100,9,6.663,73.86,64.5,0.0017,0.0,0.0,0.0001,0.04,0.0092,0.71
chemistry,0,100,10,6.696,68.75,64.5,0.0051,0.0,0.04,0.0012,0.38,0.0073,0.56
chemistry,0,100,11,7.127,65.82,64.5,0.0079,0.0001,0.1,0.0013,0.41,0.0069,0.53
chemistry,0,100,12,6.544,57.81,64.5,0.0047,0.0,0.03,0.0045,1.39,0.015,1.15
chemistry,0,100,13,7.024,67.22,64.5,0.0251,0.0006,0.97,0.002,0.61,0.0099,0.76
chemistry,0,100,14,7.471,61.35,64.5,0.0286,0.0008,1.26,0.0038,1.18,0.0125,0.96
chemistry,0,100,15,10.541,65.2,64.5,0.0467,0.0022,3.34,0.0045,1.39,0.0116,0.89
chemistry,1,269,5,9.307,56.68,64.5,0.0559,0.0031,4.81,0.0062,1.92,0.0238,1.83
chemistry,1,269,6,8.421,66.16,64.5,0.0253,0.0006,0.98,0.0014,0.44,0.009,0.69
chemistry,1,269,7,8.145,56.03,64.5,0.0315,0.001,1.52,0.0104,3.2,0.021,1.61
chemistry,1,269,8,7.831,62.18,64.5,0.076,0.0058,8.86,0.0097,2.98,0.0244,1.88
chemistry,1,269,9,7.315,67.9,64.5,0.0033,0.0,0.02,0.0009,0.27,0.0145,1.11
chemistry,1,269,10,7.25,62.55,64.5,0.0055,0.0,0.05,0.0009,0.28,0.0191,1.46
chemistry,1,269,11,7.71,63.24,64.5,0.0491,0.0024,3.71,0.0066,2.02,0.0277,2.12
chemistry,1,269,12,7.106,68.8,64.5,0.0205,0.0004,0.65,0.0089,2.75,0.0163,1.25
chemistry,1,269,13,7.483,65.81,64.5,0.0211,0.0004,0.68,0.0014,0.44,0.0224,1.72
chemistry,1,269,14,7.99,64.9,64.5,0.0307,0.0009,1.45,0.0031,0.94,0.016,1.23
chemistry,1,269,15,10.85,69.21,64.5,0.0371,0.0014,2.11,0.0035,1.07,0.0213,1.64
chemistry,2,444,5,9.423,60.9,64.5,0.0153,0.0002,0.36,0.0009,0.29,0.0182,1.39
chemistry,2,444,6,8.611,59.27,64.5,0.0201,0.0004,0.62,0.0023,0.72,0.0171,1.32
chemistry,2,444,7,8.219,62.13,64.5,0.04,0.0016,2.45,0.0113,3.48,0.026,2.0
chemistry,2,444,8,8.08,65.33,64.5,0.0209,0.0004,0.67,0.0025,0.77,0.0158,1.21
chemistry,2,444,9,7.2,66.59,64.5,0.0077,0.0001,0.09,0.0014,0.42,0.0142,1.09
chemistry,2,444,10,7.344,65.69,64.5,0.0385,0.0015,2.27,0.003,0.93,0.0129,0.99
chemistry,2,444,11,7.633,67.21,64.5,0.0115,0.0001,0.2,0.004,1.21,0.0246,1.89
chemistry,2,444,12,7.003,70.77,64.5,0.032,0.001,1.57,0.0035,1.09,0.0136,1.05
chemistry,2,444,13,7.449,73.39,64.5,0.0013,0.0,0.0,0.0033,1.01,0.0112,0.86
chemistry,2,444,14,8.108,64.4,64.5,0.0261,0.0007,1.04,0.0032,0.98,0.0168,1.29
chemistry,2,444,15,10.577,66.93,64.5,0.0167,0.0003,0.43,0.0027,0.83,0.0132,1.02
chemistry,3,625,5,10.482,58.43,64.5,0.0533,0.0028,4.36,0.0066,2.03,0.0251,1.92
chemistry,3,625,6,8.766,63.62,64.5,0.0001,0.0,0.0,0.0026,0.79,0.0139,1.06
chemistry,3,625,7,8.427,67.74,64.5,0.0132,0.0002,0.27,0.003,0.93,0.0108,0.83
chemistry,3,625,8,7.941,65.84,64.5,0.0187,0.0004,0.54,0.0061,1.86,0.0134,1.03
chemistry,3,625,9,7.189,62.4,64.5,0.0368,0.0014,2.08,0.0042,1.28,0.0184,1.41
chemistry,3,625,10,7.314,69.89,64.5,0.0166,0.0003,0.42,0.0032,0.99,0.0135,1.04
chemistry,3,625,11,8.053,64.2,64.5,0.0351,0.0012,1.89,0.0014,0.43,0.0215,1.65
chemistry,3,625,12,6.956,69.18,64.5,0.0192,0.0004,0.57,0.0037,1.13,0.0118,0.91
chemistry,3,625,13,7.679,65.69,64.5,0.0144,0.0002,0.32,0.0018,0.56,0.0172,1.32
chemistry,3,625,14,8.023,70.59,64.5,0.0043,0.0,0.03,0.0024,0.74,0.0196,1.51
chemistry,3,625,15,10.559,72.48,64.5,0.0078,0.0001,0.09,0.0012,0.36,0.0048,0.37
chemistry,4,790,5,10.429,68.37,64.5,0.0258,0.0007,1.02,0.0017,0.51,0.0093,0.71
chemistry,4,790,6,8.427,67.98,64.5,0.0143,0.0002,0.31,0.0008,0.25,0.0167,1.28
chemistry,4,790,7,8.275,71.03,64.5,0.0439,0.0019,2.95,0.0026,0.79,0.0106,0.82
chemistry,4,790,8,7.985,74.76,64.5,0.0073,0.0001,0.08,0.0038,1.16,0.0075,0.57
chemistry,4,790,9,7.329,68.16,64.5,0.0624,0.0039,5.97,0.0067,2.06,0.0128,0.99
chemistry,4,790,10,7.282,64.84,64.5,0.0128,0.0002,0.25,0.0011,0.33,0.008,0.62
chemistry,4,790,11,7.651,64.87,64.5,0.0342,0.0012,1.79,0.0031,0.95,0.0144,1.1
chemistry,4,790,12,7.262,63.84,64.5,0.0142,0.0002,0.31,0.0047,1.43,0.012,0.92
chemistry,4,790,13,7.858,67.35,64.5,0.0021,0.0,0.01,0.0013,0.41,0.0214,1.64
chemistry,4,790,14,8.095,65.02,64.5,0.0098,0.0001,0.15,0.0015,0.47,0.0181,1.39
chemistry,4,790,15,10.602,67.79,64.5,0.0271,0.0007,1.12,0.0067,2.06,0.0239,1.83
chemistry,5,988,5,10.216,63.65,64.5,0.0231,0.0005,0.82,0.0017,0.53,0.0075,0.58
chemistry,5,988,6,8.927,67.68,64.5,0.0363,0.0013,2.03,0.0031,0.96,0.0123,0.95
chemistry,5,988,7,8.455,64.23,64.5,0.0081,0.0001,0.1,0.0008,0.26,0.0108,0.83
chemistry,5,988,8,7.988,69.54,64.5,0.0226,0.0005,0.79,0.0017,0.51,0.0141,1.08
chemistry,5,988,9,7.336,64.98,64.5,0.0176,0.0003,0.47,0.0017,0.54,0.0126,0.97
chemistry,5,988,10,7.21,63.09,64.5,0.0107,0.0001,0.18,0.0011,0.34,0.0148,1.13
chemistry,5,988,11,8.07,68.65,64.5,0.019,0.0004,0.55,0.0016,0.48,0.0157,1.21
chemistry,5,988,12,7.095,64.45,64.5,0.0046,0.0,0.03,0.0024,0.73,0.0189,1.45
chemistry,5,988,13,7.794,72.16,64.5,0.0053,0.0,0.04,0.0012,0.36,0.0108,0.83
chemistry,5,988,14,8.145,64.61,64.5,0.0074,0.0001,0.08,0.0011,0.34,0.0127,0.97
chemistry,5,988,15,10.563,65.97,64.5,0.0171,0.0003,0.45,0.0063,1.92,0.0161,1.24
