model,exp,layer,n_steps,final_norm,final_cos_prev,mean_cos_prev,net_disp,path_len,straightness,converge_frac
qwen3-4b-opd,singlev_layers0-11_lr1e-3,0,110,0.6717146039009094,0.9999645352363586,0.9995144643914808,0.6542990207672119,1.7132087252102792,0.3819143640462742,0.6818181818181818
qwen3-4b-opd,singlev_layers0-11_lr1e-3,1,110,0.6529567241668701,0.9999617338180542,0.9995317344271809,0.6350222229957581,1.6966997454874218,0.3742690624458903,0.6818181818181818
qwen3-4b-opd,singlev_layers0-11_lr1e-3,2,110,0.6825278997421265,0.9999629855155945,0.9995102258997226,0.6652013659477234,1.7030140273272991,0.39060239978861877,0.6636363636363637
qwen3-4b-opd,singlev_layers0-11_lr1e-3,3,110,0.7204163074493408,0.9999637603759766,0.9995586888505779,0.7037115693092346,1.7270507430657744,0.40746432734225335,0.6636363636363637
qwen3-4b-opd,singlev_layers0-11_lr1e-3,4,110,0.7869157791137695,0.9999672770500183,0.9995612250555546,0.7679948806762695,1.7403597156517208,0.4412851399451491,0.6454545454545455
qwen3-4b-opd,singlev_layers0-11_lr1e-3,5,110,0.8317063450813293,0.9999692440032959,0.9995562647460797,0.8136031031608582,1.7551401453092694,0.46355449468537735,0.6454545454545455
qwen3-4b-opd,singlev_layers0-11_lr1e-3,6,110,0.8481813073158264,0.9999700784683228,0.9996062675747303,0.828343391418457,1.7635593134909868,0.4696997629066081,0.6454545454545455
qwen3-4b-opd,singlev_layers0-11_lr1e-3,7,110,0.8639480471611023,0.9999704360961914,0.9996232647414601,0.843273401260376,1.761252237483859,0.4787919545613092,0.6363636363636364
qwen3-4b-opd,singlev_layers0-11_lr1e-3,8,110,0.8533719778060913,0.9999745488166809,0.9996204567611764,0.8339172005653381,1.7268443596549332,0.4829139325167531,0.6181818181818182
qwen3-4b-opd,singlev_layers0-11_lr1e-3,9,110,0.9309911131858826,0.9999772310256958,0.9996639495595879,0.9091857671737671,1.7703722920268774,0.5135562566520128,0.6
qwen3-4b-opd,singlev_layers0-11_lr1e-3,10,110,1.0347046852111816,0.9999800324440002,0.9996720546976142,1.01543390750885,1.8515352099202573,0.548428083931811,0.5909090909090909
qwen3-4b-opd,singlev_layers0-11_lr1e-3,11,110,1.1645294427871704,0.9999820590019226,0.9996845962804392,1.1444035768508911,1.9284599577076733,0.5934287472638133,0.5909090909090909
qwen3-4b-opd,singlev_layers0-1_lr1e-3,0,90,2.223424196243286,0.9999613761901855,0.9997350412808107,2.197613477706909,3.354636797681451,0.6550972907784784,0.6666666666666666
qwen3-4b-opd,singlev_layers0-1_lr1e-3,1,90,2.2459192276000977,0.9999629855155945,0.9997497562612041,2.2200589179992676,3.350030617788434,0.6626980978057054,0.6666666666666666
qwen3-4b-opd,singlev_layers10-11_lr1e-3,10,28,1.303606629371643,0.9999224543571472,0.9996893141004775,1.2564598321914673,1.283081728965044,0.9792515970163098,0.07142857142857142
qwen3-4b-opd,singlev_layers10-11_lr1e-3,11,28,1.3111412525177002,0.999923050403595,0.9997634225421481,1.2634344100952148,1.2887815721333027,0.9803324608404115,0.03571428571428571
qwen3-4b-opd,singlev_layers10-25_lr5e-5,10,400,0.49175742268562317,0.999998927116394,0.999959409386293,0.4900013208389282,0.6237084956374019,0.7856255354324924,0.5775
qwen3-4b-opd,singlev_layers10-25_lr5e-5,11,400,0.49926313757896423,0.9999991059303284,0.9999593650189259,0.49754956364631653,0.6345892354729585,0.7840498007746594,0.5825
qwen3-4b-opd,singlev_layers10-25_lr5e-5,12,400,0.4948778450489044,0.9999991655349731,0.9999553543284423,0.4931873083114624,0.6326339386287145,0.7795776960377528,0.5825
qwen3-4b-opd,singlev_layers10-25_lr5e-5,13,400,0.4877406060695648,0.999998927116394,0.9999586119687647,0.4861103594303131,0.6318564033717848,0.769336762017881,0.585
qwen3-4b-opd,singlev_layers10-25_lr5e-5,14,400,0.4797857999801636,0.9999990463256836,0.9999624253215647,0.47813424468040466,0.6302013578824699,0.7587007528625078,0.5875
qwen3-4b-opd,singlev_layers10-25_lr5e-5,15,400,0.4774705469608307,0.9999988675117493,0.9999635579592004,0.47581905126571655,0.6264888618024997,0.7595012142701401,0.5825
qwen3-4b-opd,singlev_layers10-25_lr5e-5,16,400,0.4588906466960907,0.999998927116394,0.999965460826281,0.4571360945701599,0.5889644328854047,0.7761692710892532,0.5175
qwen3-4b-opd,singlev_layers10-25_lr5e-5,17,400,0.43915697932243347,0.9999990463256836,0.9999690663844422,0.437364786863327,0.574831877136603,0.760856877043706,0.5375
qwen3-4b-opd,singlev_layers10-25_lr5e-5,18,400,0.44514399766921997,0.999998927116394,0.999968655575487,0.4432606101036072,0.5721350457752123,0.7747482231280078,0.515
qwen3-4b-opd,singlev_layers10-25_lr5e-5,19,400,0.4464877247810364,0.9999988079071045,0.9999623185112363,0.44469115138053894,0.588126310321968,0.7561150446357247,0.5525
qwen3-4b-opd,singlev_layers10-25_lr5e-5,20,400,0.43691959977149963,0.9999987483024597,0.9999674171732184,0.43513578176498413,0.5832683587213978,0.7460301510592138,0.56
qwen3-4b-opd,singlev_layers10-25_lr5e-5,21,400,0.44455626606941223,0.9999988675117493,0.9999684582378033,0.44271573424339294,0.586187893350143,0.7552454413775296,0.54
qwen3-4b-opd,singlev_layers10-25_lr5e-5,22,400,0.43904438614845276,0.9999989867210388,0.9999697156119765,0.43714943528175354,0.5667190005187877,0.771368941012348,0.5225
qwen3-4b-opd,singlev_layers10-25_lr5e-5,23,400,0.4521271586418152,0.9999989867210388,0.9999678535270213,0.4501967132091522,0.5746063931728713,0.783487128855717,0.5
qwen3-4b-opd,singlev_layers10-25_lr5e-5,24,400,0.4418656527996063,0.9999988079071045,0.9999644805614213,0.44008806347846985,0.569099232670851,0.7733063729730995,0.5525
qwen3-4b-opd,singlev_layers10-25_lr5e-5,25,400,0.458773136138916,0.9999988675117493,0.999959581627284,0.4569489657878876,0.5845943797612563,0.781651315181138,0.5525
qwen3-4b-opd,singlev_layers12-23_lr1e-3,12,110,1.0479600429534912,0.9999845623970032,0.99970492911995,1.0225892066955566,1.7184043126180768,0.595080679899825,0.5727272727272728
qwen3-4b-opd,singlev_layers12-23_lr1e-3,13,110,0.9481713175773621,0.9999853372573853,0.9997160221458575,0.9231458902359009,1.6621912028640509,0.5553788809887018,0.5727272727272728
qwen3-4b-opd,singlev_layers12-23_lr1e-3,14,110,0.8525129556655884,0.9999819993972778,0.9996953087115507,0.8276815414428711,1.6176425064913929,0.5116591200598962,0.5909090909090909
qwen3-4b-opd,singlev_layers12-23_lr1e-3,15,110,0.8593848943710327,0.9999825358390808,0.9997355670010278,0.8332977294921875,1.6220978614874184,0.5137160644106126,0.6
qwen3-4b-opd,singlev_layers12-23_lr1e-3,16,110,0.823467493057251,0.9999866485595703,0.9997519429670562,0.7959964871406555,1.523005268536508,0.5226485446800505,0.5363636363636364
qwen3-4b-opd,singlev_layers12-23_lr1e-3,17,110,0.7578622102737427,0.9999833106994629,0.9997448379840326,0.7297264933586121,1.5239298436790705,0.47884520169045763,0.5636363636363636
qwen3-4b-opd,singlev_layers12-23_lr1e-3,18,110,0.7865622639656067,0.9999865293502808,0.999762914049516,0.7570865154266357,1.5038990722969174,0.5034157739523911,0.5272727272727272
qwen3-4b-opd,singlev_layers12-23_lr1e-3,19,110,0.7700379490852356,0.9999828338623047,0.9997151625265769,0.7443820834159851,1.5774094788357615,0.47190161679856973,0.5727272727272728
qwen3-4b-opd,singlev_layers12-23_lr1e-3,20,110,0.7849298119544983,0.999984622001648,0.9997230177625603,0.7598074078559875,1.5677195037715137,0.48465775033613745,0.5545454545454546
qwen3-4b-opd,singlev_layers12-23_lr1e-3,21,110,0.8227803707122803,0.9999860525131226,0.9997187404457583,0.7960045337677002,1.5640926458872855,0.5089241585917305,0.5454545454545454
qwen3-4b-opd,singlev_layers12-23_lr1e-3,22,110,0.8894293308258057,0.9999845027923584,0.999745659325101,0.8626469969749451,1.611107420641929,0.535437293579861,0.5636363636363636
qwen3-4b-opd,singlev_layers12-23_lr1e-3,23,110,0.9862253069877625,0.9999825358390808,0.9997412846722734,0.961463212966919,1.6767386798746884,0.5734126757538475,0.5818181818181818
qwen3-4b-opd,singlev_layers15-16_lr1e-3,15,75,2.1003153324127197,0.9999592900276184,0.9998401612848848,2.064012289047241,2.6390902511775494,0.7820923472118049,0.5866666666666667
qwen3-4b-opd,singlev_layers15-16_lr1e-3,16,75,2.129427433013916,0.9999666810035706,0.999841911567224,2.093207597732544,2.6177343372255564,0.799625679338821,0.56
qwen3-4b-opd,singlev_layers20-21_lr1e-3,20,32,1.49357008934021,0.9999457597732544,0.999734144056997,1.4466556310653687,1.476824663579464,0.9795716896811753,0.09375
qwen3-4b-opd,singlev_layers20-21_lr1e-3,21,32,1.4883041381835938,0.9999414086341858,0.9998174848095063,1.441303014755249,1.4753274284303188,0.9769377203870803,0.125
qwen3-4b-opd,singlev_layers24-25_lr1e-3,24,24,1.164924144744873,0.9999807476997375,0.9997775865637738,1.1156785488128662,1.120451394468546,0.9957402474759348,0.0
qwen3-4b-opd,singlev_layers24-25_lr1e-3,25,24,1.1640006303787231,0.9999797344207764,0.9997581347175266,1.115026831626892,1.1200080215930939,0.995552540812059,0.0
qwen3-4b-opd,singlev_layers24-25_lr6e-3,24,255,17.923343658447266,0.9999979734420776,0.9999397763117092,17.790756225585938,26.446644887328148,0.6727037135100014,0.5215686274509804
qwen3-4b-opd,singlev_layers24-25_lr6e-3,25,255,15.911577224731445,0.9999962449073792,0.9999336100469424,15.790406227111816,26.47006844729185,0.5965381713520779,0.596078431372549
qwen3-4b-opd,singlev_layers24-35_lr1e-3,24,110,3.7502968311309814,0.9999890327453613,0.9998435985057725,3.714115858078003,4.106799179688096,0.9043821466722128,0.4818181818181818
qwen3-4b-opd,singlev_layers24-35_lr1e-3,25,110,3.6912429332733154,0.9999878406524658,0.9998337692077007,3.6554644107818604,4.066530590876937,0.8989147699964969,0.4818181818181818
qwen3-4b-opd,singlev_layers24-35_lr1e-3,26,110,3.591688871383667,0.9999872446060181,0.999820769379992,3.556903839111328,3.999445153400302,0.8893493228897693,0.5
qwen3-4b-opd,singlev_layers24-35_lr1e-3,27,110,3.4796245098114014,0.9999869465827942,0.9998497437993321,3.445136308670044,3.9001128263771534,0.8833427293102849,0.4909090909090909
qwen3-4b-opd,singlev_layers24-35_lr1e-3,28,110,3.4264142513275146,0.9999875426292419,0.9998467176332386,3.3919687271118164,3.8335419930517673,0.884813244059855,0.4909090909090909
qwen3-4b-opd,singlev_layers24-35_lr1e-3,29,110,3.416626214981079,0.9999875426292419,0.9998642146040541,3.3816590309143066,3.8244421649724245,0.8842228186600619,0.4909090909090909
qwen3-4b-opd,singlev_layers24-35_lr1e-3,30,110,3.3120460510253906,0.9999861121177673,0.9998551721966594,3.277571201324463,3.7510640993714333,0.8737710458943334,0.5
qwen3-4b-opd,singlev_layers24-35_lr1e-3,31,110,3.2637369632720947,0.9999854564666748,0.9998491417377366,3.229839563369751,3.709364542737603,0.8707258416251666,0.509090909090909
qwen3-4b-opd,singlev_layers24-35_lr1e-3,32,110,3.2740697860717773,0.9999861717224121,0.9998621853119737,3.239626407623291,3.708339050412178,0.8736057743326382,0.5
qwen3-4b-opd,singlev_layers24-35_lr1e-3,33,110,3.243709087371826,0.9999842643737793,0.999855980960601,3.2098803520202637,3.7174616307020187,0.8634602508093939,0.5272727272727272
qwen3-4b-opd,singlev_layers24-35_lr1e-3,34,110,3.405604124069214,0.999984085559845,0.9998200038157472,3.3730075359344482,3.9106311462819576,0.8625225468122565,0.5454545454545454
qwen3-4b-opd,singlev_layers3-4_lr1e-3,3,28,1.23616623878479,0.9998597502708435,0.9995680318938361,1.1922390460968018,1.2443590760231018,0.9581149597969161,0.32142857142857145
qwen3-4b-opd,singlev_layers3-4_lr1e-3,4,28,1.2342655658721924,0.9998407959938049,0.9996231110007675,1.1896259784698486,1.2463454268872738,0.9544913896309781,0.35714285714285715
qwen3-4b-opd,singlev_layers3-4_lr2e-3,3,155,2.5349388122558594,0.9999885559082031,0.9997980733970543,2.4917449951171875,5.821250291541219,0.4280429238265032,0.6129032258064516
qwen3-4b-opd,singlev_layers3-4_lr2e-3,4,155,2.711427927017212,0.9999887943267822,0.9998112526032832,2.6706149578094482,5.922676834277809,0.45091350288658694,0.6193548387096774
qwen3-4b-opd,singlev_layers32-33_lr1e-3,32,12,0.5923242568969727,0.9999839663505554,0.9996351599693298,0.5425078272819519,0.543270118534565,0.9985968467128851,0.0
qwen3-4b-opd,singlev_layers32-33_lr1e-3,33,12,0.5912744402885437,0.999983549118042,0.9996389638293873,0.5414639711380005,0.5423040762543678,0.9984508596686754,0.0
qwen3-4b-opd,singlev_layers7-8_lr1e-3,7,81,2.9329628944396973,0.9999473690986633,0.9998389534652233,2.899182081222534,3.5506476536393166,0.8165220444363022,0.6666666666666666
qwen3-4b-opd,singlev_layers7-8_lr1e-3,8,81,2.8930397033691406,0.9999442100524902,0.9998246476054191,2.859952926635742,3.541681282222271,0.8075127880624058,0.6666666666666666
ifevalg-opd,singlev_layers0-10_lr1e-1,0,364,15.461725234985352,0.9995725750923157,0.9987744907373896,16.533832550048828,187.646901845932,0.0881114070490968,0.6923076923076923
ifevalg-opd,singlev_layers0-10_lr1e-1,1,364,15.556950569152832,0.999594509601593,0.9987313422289762,16.33429718017578,183.91602784395218,0.08881388627006992,0.6923076923076923
ifevalg-opd,singlev_layers0-10_lr1e-1,2,364,19.67302131652832,0.9997687339782715,0.9989215634742716,20.32679557800293,187.51330623030663,0.10840188350706834,0.6593406593406593
ifevalg-opd,singlev_layers0-10_lr1e-1,3,364,22.1965389251709,0.9998231530189514,0.9990124894567758,22.83685874938965,188.73925334215164,0.12099686919917169,0.6620879120879121
ifevalg-opd,singlev_layers0-10_lr1e-1,4,364,24.96797752380371,0.9998509287834167,0.9991146222618986,25.506925582885742,193.78676050901413,0.13162367499145675,0.6675824175824175
ifevalg-opd,singlev_layers0-10_lr1e-1,5,364,28.26694107055664,0.999882161617279,0.9991604761315444,28.770761489868164,193.35917854309082,0.148794392418545,0.6648351648351648
ifevalg-opd,singlev_layers0-10_lr1e-1,6,364,34.583072662353516,0.9999178051948547,0.9992644397680425,34.914215087890625,205.0487241744995,0.1702727740855296,0.6510989010989011
ifevalg-opd,singlev_layers0-10_lr1e-1,7,364,36.48710250854492,0.9999252557754517,0.9992949010255251,36.677127838134766,210.13604074716568,0.1745399204616425,0.6648351648351648
ifevalg-opd,singlev_layers0-10_lr1e-1,8,364,37.030303955078125,0.9999268651008606,0.9993477972742612,37.16553497314453,208.7932284772396,0.17800162986222476,0.6675824175824175
ifevalg-opd,singlev_layers0-10_lr1e-1,9,364,40.35850524902344,0.9999327063560486,0.9993628166595439,40.21356964111328,221.92841666936874,0.18120063327006866,0.6648351648351648
ifevalg-opd,singlev_layers0-10_lr1e-1,10,364,54.15532684326172,0.9999676942825317,0.9994248348819322,53.66706848144531,228.96562778949738,0.2343891919479934,0.5796703296703297
ifevalg-opd,singlev_layers0-1_lr1e-1,0,123,25.925439834594727,0.9996480941772461,0.9981039532872497,26.45931053161621,142.71021592617035,0.18540586152083646,0.8455284552845529
ifevalg-opd,singlev_layers0-1_lr1e-1,1,123,46.25416564941406,0.9998794198036194,0.9985442259272591,45.829917907714844,146.08004021644592,0.313731553193776,0.7317073170731707
ifevalg-opd,singlev_layers10-11_lr1e-1,10,145,52.316158294677734,0.9999656081199646,0.9992086928751733,51.84935760498047,142.11461213231087,0.3648418472036354,0.6137931034482759
ifevalg-opd,singlev_layers10-11_lr1e-1,11,145,65.58173370361328,0.9999802112579346,0.9992195905910598,64.85679626464844,140.3081559240818,0.462245375812232,0.5310344827586206
ifevalg-opd,singlev_layers10-20_lr1e-1,10,187,30.25481605529785,0.9999362230300903,0.998884480807089,30.17987060546875,131.40803200006485,0.22966534195911142,0.5454545454545454
ifevalg-opd,singlev_layers10-20_lr1e-1,11,187,26.545055389404297,0.9999241232872009,0.9988473628156929,26.7067928314209,122.3006882071495,0.2183699308885791,0.5882352941176471
ifevalg-opd,singlev_layers10-20_lr1e-1,12,187,25.984439849853516,0.9999266862869263,0.9988951891340235,25.85492515563965,118.91998341679573,0.21741446990471086,0.5882352941176471
ifevalg-opd,singlev_layers10-20_lr1e-1,13,187,25.520099639892578,0.9999208450317383,0.9988608010994491,25.6378231048584,118.7120800614357,0.21596642137506436,0.5935828877005348
ifevalg-opd,singlev_layers10-20_lr1e-1,14,187,25.318986892700195,0.9999165534973145,0.9988652560659634,25.22709846496582,116.3178579211235,0.21688070014212787,0.6042780748663101
ifevalg-opd,singlev_layers10-20_lr1e-1,15,187,26.174020767211914,0.9999239444732666,0.9988645049192573,26.346527099609375,113.60719665884972,0.23190896241129144,0.5935828877005348
ifevalg-opd,singlev_layers10-20_lr1e-1,16,187,27.21024513244629,0.9999254941940308,0.9989204150374218,27.274625778198242,112.71141043305397,0.24198637629859374,0.6042780748663101
ifevalg-opd,singlev_layers10-20_lr1e-1,17,187,30.665889739990234,0.999940812587738,0.9989478014489656,30.599180221557617,111.3109419643879,0.27489822367460803,0.5935828877005348
ifevalg-opd,singlev_layers10-20_lr1e-1,18,187,37.62288284301758,0.9999530911445618,0.9989971166015953,37.5621223449707,118.75443521142006,0.31630079565532326,0.5935828877005348
ifevalg-opd,singlev_layers10-20_lr1e-1,19,187,50.946815490722656,0.9999687075614929,0.9989690431343612,50.93286895751953,133.74252119660378,0.3808277913547581,0.5828877005347594
ifevalg-opd,singlev_layers10-20_lr1e-1,20,187,87.78331756591797,0.9999877214431763,0.999026850346596,87.47592163085938,161.00426164269447,0.5433143243437157,0.48128342245989303
ifevalg-opd,singlev_layers10-20_lr3e-1,10,52,89.09420776367188,0.99949049949646,0.9965725026878656,85.21002960205078,176.67896962165833,0.4822873360905386,0.8076923076923077
ifevalg-opd,singlev_layers10-20_lr3e-1,11,52,82.80438232421875,0.999470591545105,0.9966791003358131,77.87825012207031,156.76738381385803,0.4967758485689928,0.7884615384615384
ifevalg-opd,singlev_layers10-20_lr3e-1,12,52,78.2302017211914,0.9995172023773193,0.9968872748169244,72.68536376953125,141.72576069831848,0.5128592248254106,0.7884615384615384
ifevalg-opd,singlev_layers10-20_lr3e-1,13,52,79.33967590332031,0.9995534420013428,0.9968446376276952,73.27796936035156,139.76558136940002,0.5242919511541121,0.7692307692307693
ifevalg-opd,singlev_layers10-20_lr3e-1,14,52,80.18681335449219,0.9995841383934021,0.9970096466588039,73.86080932617188,137.50893861055374,0.5371346042845763,0.75
ifevalg-opd,singlev_layers10-20_lr3e-1,15,52,79.4218978881836,0.9995768070220947,0.9969709468822853,73.0530014038086,134.68305963277817,0.542406755556283,0.75
ifevalg-opd,singlev_layers10-20_lr3e-1,16,52,80.6830825805664,0.9995743632316589,0.9970581461401546,74.17635345458984,135.57537198066711,0.5471226253774713,0.75
ifevalg-opd,singlev_layers10-20_lr3e-1,17,52,83.06266021728516,0.9995709657669067,0.9971922729529586,75.81279754638672,137.9919078350067,0.5494003143795511,0.75
ifevalg-opd,singlev_layers10-20_lr3e-1,18,52,83.97486114501953,0.9994829893112183,0.9970385443930533,77.16651916503906,145.12244522571564,0.5317338682174105,0.7692307692307693
ifevalg-opd,singlev_layers10-20_lr3e-1,19,52,86.31678771972656,0.9993563294410706,0.9964129340414908,81.15727233886719,158.2348711490631,0.5128911961663244,0.7884615384615384
ifevalg-opd,singlev_layers10-20_lr3e-1,20,52,92.10350036621094,0.9992854595184326,0.9960245326453564,87.67698669433594,170.73196041584015,0.5135358750686579,0.7884615384615384
ifevalg-opd,singlev_layers10-20_lr5e-3,10,8,2.0948760509490967,0.9989091157913208,0.9969794409615653,1.8221739530563354,1.8685356378555298,0.975188225549499,0.125
ifevalg-opd,singlev_layers10-20_lr5e-3,11,8,2.096433162689209,0.9988939166069031,0.9971290486199516,1.8236215114593506,1.8696570545434952,0.9753775469291159,0.125
ifevalg-opd,singlev_layers10-20_lr5e-3,12,8,2.0884180068969727,0.998824417591095,0.9970367550849915,1.817183017730713,1.8658926635980606,0.9738947224469926,0.25
ifevalg-opd,singlev_layers10-20_lr5e-3,13,8,2.080988645553589,0.9987100958824158,0.9969913022858756,1.8109785318374634,1.8636261522769928,0.9717499025353319,0.25
ifevalg-opd,singlev_layers10-20_lr5e-3,14,8,2.0720250606536865,0.998627781867981,0.9970774735723223,1.8013083934783936,1.8574129343032837,0.9697942553383074,0.25
ifevalg-opd,singlev_layers10-20_lr5e-3,15,8,2.0811941623687744,0.9986016154289246,0.9969975352287292,1.811441421508789,1.866588056087494,0.9704559158627125,0.25
ifevalg-opd,singlev_layers10-20_lr5e-3,16,8,2.084667682647705,0.9986535310745239,0.9971546530723572,1.8134247064590454,1.8669358640909195,0.9713374419222855,0.25
ifevalg-opd,singlev_layers10-20_lr5e-3,17,8,2.0887210369110107,0.9986438751220703,0.9970114060810634,1.8194769620895386,1.8740025609731674,0.970904202577336,0.25
ifevalg-opd,singlev_layers10-20_lr5e-3,18,8,2.0777318477630615,0.9986948370933533,0.9969708664076669,1.8084540367126465,1.8615150153636932,0.9714958094814615,0.25
ifevalg-opd,singlev_layers10-20_lr5e-3,19,8,2.0686821937561035,0.9986691474914551,0.9968283602169582,1.7990378141403198,1.8516459614038467,0.9715884416567185,0.25
ifevalg-opd,singlev_layers10-20_lr5e-3,20,8,2.0632095336914062,0.998634934425354,0.9967457396643502,1.793644666671753,1.8455663174390793,0.9718668192647918,0.25
ifevalg-opd,singlev_layers16-17_lr1e-1,16,139,63.71876907348633,0.9999830722808838,0.9990863588409148,62.86375427246094,131.06627351045609,0.4796333380718713,0.5611510791366906
ifevalg-opd,singlev_layers16-17_lr1e-1,17,139,66.66852569580078,0.9999841451644897,0.9990986883640289,66.16258239746094,131.35047033429146,0.5037102815777887,0.5683453237410072
ifevalg-opd,singlev_layers20-21_lr1e-1,20,331,169.9600830078125,0.9999926686286926,0.9998272088440981,168.7811737060547,337.7997344136238,0.49964862760782436,0.4773413897280967
ifevalg-opd,singlev_layers20-21_lr1e-1,21,331,184.19142150878906,0.999992847442627,0.999797901059642,183.69741821289062,365.75899291038513,0.5022362314353224,0.5226586102719033
ifevalg-opd,singlev_layers20-27_lr1e-1,20,319,150.47320556640625,0.9999933242797852,0.9997586456109893,149.2627410888672,282.87929451465607,0.5276552366441717,0.45454545454545453
ifevalg-opd,singlev_layers20-27_lr1e-1,21,319,131.3553466796875,0.9999901652336121,0.9996883108181024,130.98390197753906,283.59508687257767,0.4618694330074609,0.5517241379310345
ifevalg-opd,singlev_layers20-27_lr1e-1,22,319,128.75650024414062,0.9999901056289673,0.9996556817735516,128.60084533691406,284.973263502121,0.4512733712506925,0.5391849529780565
ifevalg-opd,singlev_layers20-27_lr1e-1,23,319,123.31829071044922,0.9999886155128479,0.9996481667149741,123.08765411376953,280.47535568475723,0.43885372322021404,0.5642633228840125
ifevalg-opd,singlev_layers20-27_lr1e-1,24,319,117.09086608886719,0.9999880194664001,0.9996475843513537,117.06917572021484,270.8928016424179,0.43216052626879214,0.5862068965517241
ifevalg-opd,singlev_layers20-27_lr1e-1,25,319,135.6857452392578,0.9999895691871643,0.9996318893987428,135.40362548828125,292.0063490867615,0.46370096373503805,0.5768025078369906
ifevalg-opd,singlev_layers20-27_lr1e-1,26,319,144.59320068359375,0.9999916553497314,0.999672087108564,144.32296752929688,286.14878845214844,0.5043633709231359,0.5642633228840125
ifevalg-opd,singlev_layers20-27_lr1e-1,27,319,149.597900390625,0.9999945759773254,0.9995144123926103,148.73574829101562,249.1860008239746,0.5968864534893467,0.45768025078369906
ifevalg-opd,singlev_layers3-4_lr1e-1,3,117,40.448524475097656,0.9998580813407898,0.9987092110617407,40.4261360168457,135.9983959197998,0.2972545061537753,0.7264957264957265
ifevalg-opd,singlev_layers3-4_lr1e-1,4,117,60.365631103515625,0.9999287724494934,0.9988790837855175,59.76841354370117,141.32387393712997,0.4229180242418916,0.6495726495726496
ifevalg-rl,vector_single1_layers0-20_lr1e-2,0,26,8.171564102172852,0.9859740138053894,0.9176348352432251,8.171564102172852,18.841075465083122,0.4337100669925479,0.8846153846153846
ifevalg-rl,vector_single1_layers0-20_lr1e-2,1,26,7.863001823425293,0.9871146082878113,0.9092377996444703,7.863001823425293,18.88781887292862,0.4163001496533362,0.8846153846153846
ifevalg-rl,vector_single1_layers0-20_lr1e-2,2,26,8.401351928710938,0.9887621998786926,0.9133451652526855,8.401351928710938,21.127650566399097,0.3976472396827806,0.8846153846153846
ifevalg-rl,vector_single1_layers0-20_lr1e-2,3,26,9.364715576171875,0.990761399269104,0.9109553217887878,9.364715576171875,24.689724445343018,0.37929607504948276,0.8846153846153846
ifevalg-rl,vector_single1_layers0-20_lr1e-2,4,26,9.40167236328125,0.9910590052604675,0.910247688293457,9.40167236328125,24.63433288782835,0.3816491563255017,0.8846153846153846
ifevalg-rl,vector_single1_layers0-20_lr1e-2,5,26,9.388494491577148,0.9913566708564758,0.9102305340766906,9.388494491577148,24.398263558745384,0.38480174906594566,0.8846153846153846
ifevalg-rl,vector_single1_layers0-20_lr1e-2,6,26,9.541259765625,0.9916250705718994,0.9108967924118042,9.541259765625,24.55818861722946,0.38851642986938667,0.8846153846153846
ifevalg-rl,vector_single1_layers0-20_lr1e-2,7,26,9.777955055236816,0.992383599281311,0.9107159018516541,9.777955055236816,24.719131872057915,0.3955622351887548,0.8846153846153846
ifevalg-rl,vector_single1_layers0-20_lr1e-2,8,26,9.894078254699707,0.9932615756988525,0.9113365817070007,9.894078254699707,24.621396392583847,0.4018487861915045,0.8846153846153846
ifevalg-rl,vector_single1_layers0-20_lr1e-2,9,26,10.137574195861816,0.9935048818588257,0.9103199601173401,10.137574195861816,25.35635095834732,0.3998041442364767,0.8846153846153846
ifevalg-rl,vector_single1_layers0-20_lr1e-2,10,26,10.199405670166016,0.9937285780906677,0.9111856484413147,10.199405670166016,25.297450482845306,0.4031791929816181,0.8846153846153846
ifevalg-rl,vector_single1_layers0-20_lr1e-2,11,26,10.208735466003418,0.9936574101448059,0.9115361523628235,10.208735466003418,25.061715692281723,0.4073438383608913,0.8846153846153846
ifevalg-rl,vector_single1_layers0-20_lr1e-2,12,26,10.517324447631836,0.9937178492546082,0.9119750022888183,10.517324447631836,25.164635255932808,0.41794066715718736,0.8846153846153846
ifevalg-rl,vector_single1_layers0-20_lr1e-2,13,26,10.369636535644531,0.9933560490608215,0.9117971396446228,10.369636535644531,25.260362654924393,0.41051020039979585,0.8846153846153846
ifevalg-rl,vector_single1_layers0-20_lr1e-2,14,26,10.635323524475098,0.9929922819137573,0.9127813076972962,10.635323524475098,25.488325849175453,0.4172625376577705,0.8846153846153846
ifevalg-rl,vector_single1_layers0-20_lr1e-2,15,26,10.673896789550781,0.9923708438873291,0.9123975014686585,10.673896789550781,25.39850700646639,0.4202568594615911,0.8846153846153846
ifevalg-rl,vector_single1_layers0-20_lr1e-2,16,26,10.911276817321777,0.992204487323761,0.9136450815200806,10.911276817321777,25.59572997689247,0.4262928553775318,0.8846153846153846
ifevalg-rl,vector_single1_layers0-20_lr1e-2,17,26,11.202863693237305,0.9921504259109497,0.913899827003479,11.202863693237305,25.48370650410652,0.43960888073452115,0.8846153846153846
ifevalg-rl,vector_single1_layers0-20_lr1e-2,18,26,11.362821578979492,0.9913809895515442,0.9133163475990296,11.362821578979492,26.175549283623695,0.4341005973115703,0.8846153846153846
ifevalg-rl,vector_single1_layers0-20_lr1e-2,19,26,11.88018798828125,0.9908515810966492,0.9113408732414245,11.88018798828125,27.719755545258522,0.428581989797286,0.8846153846153846
ifevalg-rl,vector_single1_layers0-20_lr1e-2,20,26,12.27219295501709,0.9904930591583252,0.9113714933395386,12.27219295501709,28.437101185321808,0.431555694620222,0.8846153846153846
ifevalg-rl,vector_single1_layers0-20_lr5e-4,0,17,0.16132885217666626,0.9455358982086182,0.9142610318958759,0.16132885217666626,0.24936608551070094,0.6469558675000463,0.9411764705882353
ifevalg-rl,vector_single1_layers0-20_lr5e-4,1,17,0.16614899039268494,0.9482563734054565,0.9149079248309135,0.16614899039268494,0.2571141254156828,0.6462071662693278,0.9411764705882353
ifevalg-rl,vector_single1_layers0-20_lr5e-4,2,17,0.17114320397377014,0.9691888689994812,0.9097431637346745,0.17114320397377014,0.28861513128504157,0.5929807048291795,0.8235294117647058
ifevalg-rl,vector_single1_layers0-20_lr5e-4,3,17,0.25221872329711914,0.9858109354972839,0.8804011754691601,0.25221872329711914,0.533741666469723,0.4725483115555613,0.8235294117647058
ifevalg-rl,vector_single1_layers0-20_lr5e-4,4,17,0.25213536620140076,0.9862392544746399,0.8795543611049652,0.25213536620140076,0.5324077601544559,0.4735756784015586,0.8235294117647058
ifevalg-rl,vector_single1_layers0-20_lr5e-4,5,17,0.250052809715271,0.9855251312255859,0.8798411339521408,0.250052809715271,0.5343035752885044,0.4679976352025188,0.8235294117647058
ifevalg-rl,vector_single1_layers0-20_lr5e-4,6,17,0.2529473304748535,0.9863857626914978,0.8795990608632565,0.2529473304748535,0.5387455602176487,0.4695116751823716,0.8235294117647058
ifevalg-rl,vector_single1_layers0-20_lr5e-4,7,17,0.2527793049812317,0.9866039156913757,0.8794556334614754,0.2527793049812317,0.5425523347221315,0.4659076900124165,0.8235294117647058
ifevalg-rl,vector_single1_layers0-20_lr5e-4,8,17,0.2548680901527405,0.9871730804443359,0.8791334107518196,0.2548680901527405,0.5452230144292116,0.4674565882358419,0.8235294117647058
ifevalg-rl,vector_single1_layers0-20_lr5e-4,9,17,0.25389575958251953,0.9863038063049316,0.8796040266752243,0.25389575958251953,0.5412312829867005,0.46910769492375853,0.8235294117647058
ifevalg-rl,vector_single1_layers0-20_lr5e-4,10,17,0.25263404846191406,0.9865061044692993,0.8791277669370174,0.25263404846191406,0.5424695545807481,0.4657110179338346,0.8235294117647058
ifevalg-rl,vector_single1_layers0-20_lr5e-4,11,17,0.25978589057922363,0.9866957068443298,0.880167193710804,0.25978589057922363,0.5454608253203332,0.47626864940604846,0.8235294117647058
ifevalg-rl,vector_single1_layers0-20_lr5e-4,12,17,0.26085856556892395,0.9872356057167053,0.8799159824848175,0.26085856556892395,0.5494559584185481,0.4747579156657628,0.8235294117647058
ifevalg-rl,vector_single1_layers0-20_lr5e-4,13,17,0.26705682277679443,0.9878241419792175,0.8795362897217274,0.26705682277679443,0.5504547446034849,0.48515672795075354,0.8235294117647058
ifevalg-rl,vector_single1_layers0-20_lr5e-4,14,17,0.2613838016986847,0.9868746995925903,0.8824600428342819,0.2613838016986847,0.547609749250114,0.47731765560532574,0.8235294117647058
ifevalg-rl,vector_single1_layers0-20_lr5e-4,15,17,0.2612241208553314,0.9870185852050781,0.8822314962744713,0.2612241208553314,0.543849125970155,0.48032461280385824,0.8235294117647058
ifevalg-rl,vector_single1_layers0-20_lr5e-4,16,17,0.26150548458099365,0.9869681596755981,0.8815165609121323,0.26150548458099365,0.5416465606540442,0.48279727700148767,0.8235294117647058
ifevalg-rl,vector_single1_layers0-20_lr5e-4,17,17,0.26170384883880615,0.9870560169219971,0.880909625440836,0.26170384883880615,0.5413863924331963,0.48339569020678474,0.8235294117647058
ifevalg-rl,vector_single1_layers0-20_lr5e-4,18,17,0.2597227096557617,0.9869929552078247,0.8823244906961918,0.2597227096557617,0.5400128639303148,0.48095652345288814,0.8235294117647058
ifevalg-rl,vector_single1_layers0-20_lr5e-4,19,17,0.25902119278907776,0.9873584508895874,0.8837677910923958,0.25902119278907776,0.5364900124259293,0.4828071106446546,0.8235294117647058
ifevalg-rl,vector_single1_layers0-20_lr5e-4,20,17,0.2617124617099762,0.9870908856391907,0.8834171928465366,0.2617124617099762,0.5392565997317433,0.48532083212364346,0.8235294117647058
ifevalg-rl,vector_single1_layers10-20_lr5e-4,10,179,2.65769624710083,0.9997024536132812,0.9863644610629992,2.65769624710083,10.79800735739991,0.24612839750285057,0.888268156424581
ifevalg-rl,vector_single1_layers10-20_lr5e-4,11,179,2.8194668292999268,0.9997879862785339,0.9866088977020778,2.8194668292999268,10.726171354297549,0.26285864137069553,0.888268156424581
ifevalg-rl,vector_single1_layers10-20_lr5e-4,12,179,2.9864232540130615,0.9998059868812561,0.9867078096009372,2.9864232540130615,10.783153566066176,0.27695267768522974,0.888268156424581
ifevalg-rl,vector_single1_layers10-20_lr5e-4,13,179,3.048610210418701,0.9998177289962769,0.9867560454968656,3.048610210418701,10.816742784809321,0.2818417957298633,0.888268156424581
ifevalg-rl,vector_single1_layers10-20_lr5e-4,14,179,3.1773996353149414,0.9998363256454468,0.9870490384905526,3.1773996353149414,10.868566081859171,0.2923476391810664,0.8715083798882681
ifevalg-rl,vector_single1_layers10-20_lr5e-4,15,179,3.2668416500091553,0.9998550415039062,0.9870636710959874,3.2668416500091553,10.915938473306596,0.29927263313161395,0.8659217877094972
ifevalg-rl,vector_single1_layers10-20_lr5e-4,16,179,3.26365327835083,0.9998573064804077,0.9869862128509564,3.26365327835083,10.932251398451626,0.2985344152269562,0.8659217877094972
ifevalg-rl,vector_single1_layers10-20_lr5e-4,17,179,3.363302707672119,0.9998595118522644,0.9869823043935755,3.363302707672119,10.968098147772253,0.30664411116299545,0.8603351955307262
ifevalg-rl,vector_single1_layers10-20_lr5e-4,18,179,3.2395598888397217,0.9998429417610168,0.9869710702574654,3.2395598888397217,10.93813286582008,0.2961711956309133,0.8603351955307262
ifevalg-rl,vector_single1_layers10-20_lr5e-4,19,179,3.0580132007598877,0.999803900718689,0.9870015443041084,3.0580132007598877,10.914876900613308,0.28016927983750856,0.8770949720670391
ifevalg-rl,vector_single1_layers10-20_lr5e-4,20,179,2.6406102180480957,0.9997227191925049,0.9867635345860813,2.6406102180480957,10.764067651703954,0.24531713321497814,0.9162011173184358
